{"cameraMode":{"drawMode":0,"name":"Shaded","section":"Shading Mode"},"sceneLighting":false,"audioPlay":false,"sceneViewState":{"showFog":true,"showMaterialUpdate":false,"showSkybox":false,"showFlares":true,"showImageEffects":true,"showParticleSystems":true,"showVisualEffectGraphs":true,"m_FxEnabled":true},"in2DMode":false,"pivot":{"x":0.03459759056568146,"y":0.007834956049919129,"z":-0.011908501386642456},"rotation":{"x":0.0060448613949120049,"y":-0.9804956316947937,"z":0.1942887306213379,"w":0.030601272359490396},"size":0.5466427206993103,"orthographic":false}