{"cameraMode":{"drawMode":0,"name":"Shaded","section":"Shading Mode"},"sceneLighting":false,"audioPlay":false,"sceneViewState":{"showFog":true,"showMaterialUpdate":false,"showSkybox":false,"showFlares":true,"showImageEffects":true,"showParticleSystems":true,"showVisualEffectGraphs":true,"m_FxEnabled":true},"in2DMode":false,"pivot":{"x":39.354610443115237,"y":2.182631492614746,"z":47.624000549316409},"rotation":{"x":0.2559671103954315,"y":0.01884896494448185,"z":-0.0049920035526156429,"w":0.9664894938468933},"size":4.091773509979248,"orthographic":false}