{"cameraMode":{"drawMode":0,"name":"Shaded","section":"Shading Mode"},"sceneLighting":false,"audioPlay":false,"sceneViewState":{"showFog":true,"showMaterialUpdate":false,"showSkybox":false,"showFlares":true,"showImageEffects":true,"showParticleSystems":true,"showVisualEffectGraphs":true,"m_FxEnabled":true},"in2DMode":false,"pivot":{"x":63.132389068603519,"y":3.7684926986694338,"z":37.926185607910159},"rotation":{"x":-0.00745318504050374,"y":-0.9770717620849609,"z":0.2117532193660736,"w":-0.032390087842941287},"size":5.621207237243652,"orthographic":false}