{"cameraMode":{"drawMode":0,"name":"Shaded","section":"Shading Mode"},"sceneLighting":false,"audioPlay":false,"sceneViewState":{"showFog":true,"showMaterialUpdate":false,"showSkybox":false,"showFlares":true,"showImageEffects":true,"showParticleSystems":true,"showVisualEffectGraphs":true,"m_FxEnabled":true},"in2DMode":false,"pivot":{"x":0.06450453400611878,"y":-0.0029999911785125734,"z":0.0020000040531158449},"rotation":{"x":0.0060448613949120049,"y":-0.9804956316947937,"z":0.1942887306213379,"w":0.030601272359490396},"size":0.5135773420333862,"orthographic":false}